iteration,mean_variance,std_variance,relative_std
1,0.0,0.0,
2,25.5,4.948375466058171,19.405393984541845
3,30.65910284895649,4.390061057784086,14.318948207362519
4,29.086502568275808,4.008081860134203,13.779868689010947
5,29.05384229833457,3.859722474485458,13.284723014782477
6,29.720228835643603,5.286475031508386,17.78746408967179
7,28.700294735246064,4.892218071129364,17.045880943938048
8,28.076472775731588,3.7494683480936173,13.354485009721515
9,28.22275120379404,2.5654813907216028,9.090118012225258
10,28.021708827316125,3.202203304297175,11.427580395010038
11,28.09468830202484,2.5526010542938327,9.085706973691043
12,28.269373584926843,2.602021868031001,9.204384597394801
13,28.01075658149511,2.9671662818110844,10.5929530078145
14,28.12779295161034,3.251447320485211,11.559553663093439
15,28.002385082827686,2.5357718477224367,9.055556661412693
16,27.668288456286852,2.599687973028906,9.3959117750856
17,27.053988327910094,2.486074500619,9.189308690779079
18,27.14312055994846,2.2023512163605887,8.113846790373504
19,27.532757400162666,2.2880203495627933,8.31017509909587
20,27.270966759863068,2.4131101047207433,8.848641582711753
21,27.50866636656402,2.0335877258332955,7.392534769715561
22,27.5480689025761,2.2155333524982077,8.04242707658912
23,27.488904662599833,1.969567061026989,7.164952860805303
24,27.668181675242444,2.0553391730729187,7.4285299886983225
25,27.38377717270283,1.964622692442693,7.174403589586255
26,27.24290556988809,2.0135290395043732,7.391021616027444
27,27.3526442320753,2.0686672909823964,7.5629517696009705
28,27.29754870016236,2.0272003007887203,7.42630894464404
29,27.284476790403698,1.8400309768506649,6.7438748816243645
30,27.264397875766612,1.999120374469448,7.332347420906457
31,27.10406698282764,2.040547387199807,7.528565320077756
32,26.982987855993382,1.6243083005189909,6.01974958884401
33,27.063440102726968,1.6011998131062184,5.9164681468002955
34,26.938610003427385,1.4877238834093474,5.522645315478656
35,27.243964587545815,1.5723332340694847,5.771308463630342
36,27.171744015026643,1.6488723216091488,6.0683345194820095
37,26.824348061913575,1.6427928791168107,6.124260225542341
38,27.013796593072545,1.2924316695181663,4.78433923593546
39,26.729850352721012,1.313657418947954,4.914570794872511
40,26.683744894352355,1.5432716628871213,5.783564746992303
41,26.890869803535942,1.633716062343531,6.075355963862165
42,26.966441621252834,1.7536515632443592,6.503088497454068
43,27.160878639948102,1.500037957494503,5.522788777857333
44,27.17398742720136,1.3780288364329292,5.0711322367563625
45,27.17240804410863,1.068612319819249,3.9327111461177235
46,27.220678195761145,1.0912726089185507,4.008983909476898
47,27.15010619104141,1.1277087871451439,4.153607279507616
48,26.9463435479756,1.1487815575514364,4.263218701662181
49,27.043238396852388,1.3304875123700357,4.91985276631993
50,27.063331558520577,1.3165112952881879,4.864557389918609
51,27.02323824702064,1.4873064779946776,5.503805518787726
52,26.956487201733943,1.343382802525297,4.983523233097247
53,26.872356061337012,1.3155191436341336,4.895436561764138
54,26.83771578446192,1.3775915501943428,5.133043218946074
55,26.818437168647527,1.4614425484701667,5.449394904258951
56,26.813758722045087,1.4662963263909135,5.468447529459529
57,26.595804093782316,1.4582185221196438,5.482889394799507
58,26.535183150090557,1.3593984937134858,5.123003998217538
59,26.459340067357413,1.3549485247234998,5.1208704422491795
60,26.476238622584255,1.4740776770772623,5.567549447223492
61,26.440643048920986,1.5237723327642583,5.762992715210993
62,26.504296393137555,1.688883714902037,6.3721129957606415
63,26.576675899016635,1.710650894566462,6.436662361637777
64,26.623116645860783,1.6726828053443883,6.28282115724587
65,26.51226410279301,1.7087117410064643,6.444986118052645
66,26.604113165762595,1.7757500021123584,6.6747197737739645
67,26.416314519060172,1.7676042611214473,6.691335613247894
68,26.32726517676308,1.7950392942669122,6.8181760703775875
69,26.276596248549232,1.827407913888507,6.954507717069333
70,26.25224478773817,1.8485049059277743,7.041321307468415
71,26.312312311532803,1.9842797460191506,7.541259477789916
72,26.331545600154847,2.09791529005435,7.967307813643923
73,26.38162624027625,2.1337636906330815,8.088067320791282
74,26.32721113756859,2.111667020264736,8.020853440307677
75,26.175092712179985,2.068674247230637,7.903216504245757
76,26.09840487716834,2.029790924067923,7.777452045905091
77,26.042216034564586,1.8877378119573145,7.248760280046102
78,26.016307033704408,1.890453923975476,7.2664191790417165
79,26.050754559124687,1.807259243846006,6.937454497697015
80,25.99551510111498,1.7080121056396922,6.570410699676551
81,25.93016655127235,1.6963010456814223,6.54180543857011
82,25.838981897297657,1.689568113417179,6.538833922066722
83,25.757379952659143,1.6713561902562906,6.488843948135116
84,25.763043333323925,1.6827285881988892,6.53155982555181
85,25.875889718749697,1.6921106956795422,6.539333387456189
86,25.853021572467476,1.5823837105205163,6.1206915643690065
87,25.89490787307397,1.58194560062755,6.109099164907584
88,25.83470336750109,1.6001789609367325,6.19391265374344
89,25.724136212639614,1.5926241259788894,6.191166586951711
90,25.658139586781328,1.6217273985421516,6.320518263053024
91,25.730444372718864,1.6855275332284854,6.550712878536968
92,25.69082735157412,1.734334283360598,6.750791866787942
93,25.759533275018043,1.744169910429266,6.770968603382214
94,25.751351392672245,1.750473749106327,6.797599560559134
95,25.77716215294617,1.6622792514817402,6.448651102936682
96,25.786787476950046,1.670437308481922,6.47788061996893
97,25.920817364456944,1.7090289266083194,6.593267884182419
98,25.967417535163882,1.785301170280485,6.875158717122765
99,25.91265787112788,1.7770102249298747,6.857691842216755
100,25.921246803965357,1.8254294078318671,7.0422129831834255
101,25.96122792474307,1.8788839997386824,7.237269381807475
102,25.952581934936042,1.8783656587960769,7.23768318506883
103,25.96629503548789,1.9311430913888732,7.437114493036447
104,25.875823817540994,1.9109701385941387,7.385156708706251
105,25.866898364596636,1.8668845636781697,7.217272582759001
106,25.92394693679048,1.8089914395253408,6.97807106277507
107,25.850341890853894,1.8099972472960701,7.001830981339806
108,25.957610007020765,1.758215113023372,6.773409079448481
109,25.98212686211183,1.8112974097044532,6.971320782617527
110,26.015974716634293,1.818265839397271,6.989036002693738
111,25.979446706477535,1.807688303402788,6.95814781518065
112,25.975375118402184,1.816885937394514,6.994647542577146
113,25.944495461753398,1.7922984229303123,6.908203035100318
114,25.926869458683814,1.8441594685222693,7.112927657776269
115,25.953558670461803,1.829466461854615,7.0490004283565275
116,25.937355270339328,1.859196708039463,7.168027305257094
117,25.973549196990593,1.8762113798219555,7.223546407124605
118,25.978586424751843,1.851066906721248,7.125356539636779
119,26.00288345426039,1.8840404456505528,7.2455058646269705
120,26.053968606808787,1.8778763525235946,7.207640344023604
121,25.981515194401045,1.876549696618439,7.222633793978386
122,26.070306278576254,1.8465441677382002,7.082940062179596
123,26.142496411116298,1.8057181211282547,6.907213805183609
124,26.193576927807044,1.8236148787454536,6.962068921596989
125,26.21382388126897,1.8946930982688341,7.2278394287324215
126,26.182832937580304,1.942943773992338,7.420678192555798
127,26.164145855892958,1.9350526042657992,7.395817982836871
128,26.116443941910745,1.9532329534467254,7.478939161055714
129,26.175952722034452,1.8917107844932584,7.226903274855206
130,26.209971498891043,1.8584608552976543,7.090663396472166
131,26.17549222155164,1.8796520045323053,7.180961445243389
132,26.204299331144046,1.8682623405197902,7.12960234849456
133,26.161159750132867,1.8869292895393064,7.21271269149191
134,26.097655867579768,1.8900515476069204,7.242227260552038
135,26.0642989281163,1.9076985474835664,7.31920145922543
136,26.009125176186746,1.8979084913101147,7.2970869971735475
137,26.03177398728237,1.9135509596192175,7.350828109348477
138,26.027165596798977,1.9597592724566324,7.529668434958814
139,25.987935958343183,1.9637356831593422,7.556335702485457
140,25.903636358476945,1.9520348322390706,7.535756004389202
141,25.9192919573175,1.9590541758467466,7.558285847749283
142,25.942514521720938,1.9225113740644928,7.410659334718028
143,25.900330140489388,1.9244719267973465,7.430298827692794
144,25.98994602529178,1.8913320314986635,7.277167985105233
145,25.960227873957923,1.8674046530034825,7.193329203696146
146,25.994970621794884,1.8827155133354867,7.24261450696531
147,26.027490832346096,1.8353981026603974,7.051767358148201
148,25.98036250572698,1.8212068658556693,7.009936314222758
149,25.99751609071911,1.835793508245849,7.061418874940947
150,26.005301793666206,1.8980686719508408,7.298775791993039
151,26.034259284803163,1.9001236119541092,7.2985506949424055
152,26.051278486783993,1.8911743238457785,7.259429992294564
153,26.053599766036438,1.8385809050632689,7.056916977208076
154,26.048143864741814,1.857731475331104,7.131914983952803
155,26.00726123611712,1.8341616182510387,7.05249815272313
156,26.02585101215318,1.8669470766298508,7.1734333519317035
157,26.07246634948775,1.827140606342325,7.007931592855322
158,26.105354318799403,1.7946747771084015,6.874738244085014
159,26.08034181191756,1.7950167922999276,6.882642893428968
160,26.07987574789508,1.7320176336141078,6.6412035485019505
161,26.082673496793394,1.699320854678468,6.515132947883516
162,26.112106731430334,1.6719550879174427,6.4029881047665995
163,26.070652640829223,1.6895206562372762,6.48054607421419
164,26.087548922602014,1.6912265742056554,6.482887983164996
165,26.05211608280959,1.6733321674954449,6.423018238428578
166,26.012313694538157,1.7021115352408815,6.543483810124419
167,26.052397654947175,1.7213235663551159,6.607159882761302
168,26.067172495741545,1.7170475508043983,6.587011119387433
169,26.0305356565497,1.733937404991837,6.661166822956065
170,26.079910980099054,1.7496300935160074,6.708727245469157
171,26.075447090909073,1.7440390325634119,6.688433860723533
172,26.112558099290915,1.7267946249660522,6.612889546861145
173,26.101678903123293,1.7307279561852111,6.63071506859321
174,26.079587795829763,1.707720759179991,6.548112541307355
175,26.017268191281534,1.7020687707226279,6.542073357620983
176,26.00484534525512,1.7319064878708572,6.659937657298405
177,26.010852807396702,1.7149876384102998,6.593354132251323
178,26.029692717805204,1.6592055502542162,6.374280204695857
179,26.037009320458406,1.6717871322166955,6.4208108989810135
180,26.027795341617868,1.69446375241451,6.5102085296678975
181,26.00090994702915,1.6711412157811647,6.427241274192823
182,26.04758092648919,1.7110249501036545,6.568843974158158
183,26.090436303639546,1.735329698826734,6.65120996303408
184,26.069930929426857,1.7445581507570247,6.691840325467938
185,26.057492848935386,1.7453432297541045,6.698047428708833
186,26.082830901167547,1.7042807532834083,6.534109582434626
187,26.099960718525363,1.7074156076733127,6.541832097323481
188,26.0707405954685,1.7057418033893819,6.542743951377685
189,26.0502657493794,1.7204468558425825,6.604335143427736
190,26.058613280975635,1.6924982764452743,6.494966781984905
191,26.064804654213724,1.6438765486046085,6.306882289788632
192,26.072162283961667,1.6066325382371178,6.162252753487349
193,26.054744063780653,1.5622650136211353,5.9960865852176175
194,26.034824188184587,1.5167131070108026,5.8257090428101845
195,26.08162331250323,1.4993798398173597,5.748798001766149
196,26.034750492728115,1.502528570853858,5.771242444875883
197,26.08031752525094,1.4833361169615313,5.687569238853655
198,26.073006064492084,1.4987651236479032,5.7483403330658485
199,26.054169809078594,1.494487675328812,5.73607866333955
200,26.07078343611615,1.5152670717522323,5.8121271095103175
201,26.086486041690534,1.532228714848478,5.873649338587505
202,26.079022693286127,1.542410011079499,5.914370447158598
203,26.064479529733017,1.5410082064120902,5.912292262173075
204,26.092957729795934,1.550681904837303,5.94291348989753
205,26.11977588242767,1.5523157729955945,5.943066969575071
206,26.116492678074586,1.5354106942785737,5.8790845815509805
207,26.09390026769777,1.5653797516353611,5.999025579066768
208,26.082351148596967,1.5578645726008502,5.972868641041402
209,26.09133186396203,1.5687343857023137,6.012473391092339
210,26.08569607992025,1.5739942587023923,6.0339361996707135
211,26.071100849883482,1.5417882192273096,5.913782575215654
212,26.04094611102935,1.521514576693208,5.842777640282385
213,26.07915109738306,1.5322476803698093,5.875374066618159
214,26.06715836639027,1.5140671609227172,5.808332230316604
215,26.101248560222693,1.4788592632618127,5.665856404722101
216,26.09220378613269,1.4458098311766276,5.541156442849174
217,26.072175313117448,1.4377449866145324,5.514480358265976
218,26.11850538448307,1.4265133876284382,5.461696091063181
219,26.109711704601118,1.4233120450390653,5.4512744573439536
220,26.13740938995752,1.4156350903654464,5.416126247421292
221,26.123120486433983,1.4198363260231497,5.435171218386739
222,26.141130296677073,1.4628400979730494,5.595932851300612
223,26.175334589336302,1.4955264928258538,5.713495228577226
224,26.162475141492145,1.5039687204162475,5.748571999715126
225,26.125403133933126,1.5093836681820836,5.7774559896517435
226,26.11779262074136,1.4691637069945382,5.625145004895272
227,26.138791914137094,1.4789171154018907,5.657939817035012
228,26.12954936269724,1.4647814102565084,5.605842603422937
229,26.122487559379987,1.439795419076248,5.511708698505057
230,26.10538572461046,1.45846661171537,5.5868418383124
231,26.081691667550864,1.4622934781378407,5.606589851520753
232,26.090725004188265,1.5012108678502754,5.7538104732976585
233,26.082276853150727,1.4715000597587917,5.64176228955654
234,26.072916148786913,1.494101835002004,5.730474590858222
235,26.073929966177854,1.5111863783565211,5.795775244916193
236,26.06982869502486,1.5016002971706224,5.759916241632943
237,26.03969806706163,1.4976306599089775,5.751336501875089
238,26.055222223895612,1.5142421629919942,5.811664740296329
239,26.07039621541397,1.5081050494668542,5.784741578170553
240,26.082182140682978,1.5061386745084238,5.774588438898865
241,26.04519322723209,1.507944234779273,5.78972181785394
242,26.019454523855575,1.5096741098027846,5.8020974591095325
243,26.001104850945325,1.5022336281131987,5.777576132725691
244,26.024279195726034,1.4669461716017573,5.636836895919384
245,26.04975670756278,1.4995462502073276,5.756469310026142
246,26.034857103416634,1.4729692651983106,5.657681389789569
247,26.014905994064993,1.4783395168687605,5.682663305437379
248,25.992350258271568,1.478138598357389,5.686821636635185
249,25.979412364261407,1.4777607434101026,5.688199265981031
250,25.971086929898842,1.4748516010330202,5.678821240766471
251,25.96582176932634,1.4921096168835601,5.746437105434509
252,25.975343295418668,1.5009521366487408,5.778372665101474
253,25.979413748598677,1.4963772487474565,5.759857644317208
254,25.97479121781265,1.5129030943993533,5.824505312527227
255,26.00257593257418,1.5159570664207291,5.8300264956505545
256,25.97620595551853,1.5152349773415819,5.833165089375482
257,25.986491438884524,1.5202361168237108,5.850101466752555
258,26.015781993206918,1.531201994325694,5.885665842085824
259,26.023969209502905,1.524491730129002,5.858029257014026
260,26.002999067427254,1.4963031783766767,5.754348467638973
261,26.016676581837153,1.491649337031369,5.733435369192097
262,26.035823791877636,1.4608463100841025,5.610908730069992
263,26.05055921877199,1.4882823524067545,5.713053374049263
264,26.0298851728973,1.4537028028863002,5.584745354158984
265,26.047762994051727,1.467203543480212,5.632742987623401
266,26.018901949486736,1.4852038472627422,5.708172659038905
267,26.04013235139042,1.507207922332679,5.788019438588611
268,26.051047846758188,1.498167794587728,5.750892645088598
269,26.01090382022597,1.494517438837046,5.745734362659538
270,26.007258121616246,1.4942169817909121,5.74538451844324
271,26.010902193782186,1.518457149342983,5.837771938975514
272,26.002339100885386,1.4944568169559431,5.747393767759364
273,26.02292132574591,1.4779357327613254,5.679361337879934
274,26.02696761630309,1.4586190717720207,5.6042605242200905
275,26.023854491081135,1.4391108373865857,5.5299680448174815
276,26.015237088207364,1.4246165785089449,5.476085317533853
277,26.035151738409496,1.443184329225593,5.543214588207959
278,26.063688080958713,1.4753302268564104,5.660481441742847
279,26.06323038468661,1.4776939849265491,5.669650166599321
280,26.04440132336121,1.4846500122325323,5.70045743727976
281,26.038119934683756,1.4906866172918185,5.725016326183242
282,26.017318993275858,1.5061849166223673,5.789162661270513
283,26.020295953970493,1.5217025973649292,5.848137162070708
284,26.020241725911127,1.5181064569700977,5.834328800482885
285,26.02815410846829,1.525486046299979,5.860907538593605
286,26.0065105442961,1.5339493719912323,5.89832830274751
287,25.977161655197005,1.5328341687623104,5.900699195347428
288,25.989729568646368,1.5115798018666415,5.816065911244377
289,26.001660832624793,1.5419088775715082,5.930039959743052
290,26.011181086783672,1.5631228910811106,6.009426814822093
291,26.00454101288606,1.5552776323866704,5.980792476267824
292,26.003904596349734,1.5509883435620986,5.964444061911443
293,25.99344466431082,1.5569485131545358,5.989773703568565
294,26.031680755939483,1.5713594941524975,6.036335144414255
295,26.05770551523857,1.5737039507564268,6.03930361342108
296,26.048015583035635,1.5666839448297254,6.014599998358662
297,26.043819596920468,1.5516519153924988,5.957850804556997
298,26.028245533994664,1.5603465890709463,5.994820461613624
299,26.020204629619275,1.557093079407021,5.984169231453905
300,26.038272311875005,1.5790855752840334,6.0644790728449225
301,26.0415673469105,1.6126240436757016,6.192499945157943
302,26.050238691038764,1.6121872477795123,6.188761903107252
303,26.05226325956188,1.6101525018806937,6.180470717029641
304,26.07010621348269,1.612266108894569,6.184348063993512
305,26.046813737479482,1.621254792206068,6.224388167191443
306,26.067975313662522,1.6319589305143773,6.260397713584795
307,26.065556994961906,1.630570662037843,6.255652477915621
308,26.07289495736837,1.6081933917659859,6.168066087005425
309,26.044932628388306,1.6149592075355363,6.200665713280719
310,26.02741226719585,1.6353542060739366,6.283199379506072
311,26.008823438495348,1.6325112527425811,6.27675933362799
312,26.01176298544413,1.649173631913827,6.340107100148056
313,25.975693741499857,1.6439566604057119,6.328826774621453
314,25.971119598717717,1.6623551726364343,6.400783633211217
315,25.942968053227027,1.6691554208792727,6.4339416270901495
316,25.94031086274334,1.6575146036445985,6.389725290552308
317,25.910738362218147,1.6621132120360782,6.414765912111927
318,25.916998383359147,1.6618227124413938,6.412095597877651
319,25.923002220017963,1.6720402241730714,6.450025386650268
320,25.91514185120377,1.6781216713774647,6.475448527400267
321,25.92815344238233,1.6742318506401048,6.457196631301149
322,25.899521416569712,1.6765078123020718,6.473122747470901
323,25.905685843047245,1.672162505757392,6.454808862766237
324,25.90666018511633,1.6716714106630661,6.452670466660386
325,25.88448514733892,1.657192192993317,6.402260595720932
326,25.88402673153688,1.6513173889701247,6.379677343472117
327,25.88571168354793,1.6218285703169677,6.26534278888591
328,25.887441414997085,1.6196461052559947,6.256493561073606
329,25.908842036420843,1.5989656375843775,6.171505601588303
330,25.92421564904662,1.6201726264407008,6.249649549186201
331,25.932037650235486,1.6555873984858849,6.384332079167912
332,25.9301016344592,1.6627501330535484,6.412431993108256
333,25.926652562035194,1.66680149277855,6.428911286524021
334,25.915741785487704,1.6761829879116528,6.4678179069151
335,25.91520849117819,1.665417119245635,6.426408337839769
336,25.944754179309264,1.6311071687877006,6.2868476514165454
337,25.91792762863019,1.6336035844735215,6.302986904975244
338,25.891230971470804,1.6262293907330034,6.281004532093988
339,25.8938140839803,1.6224537404697599,6.265796669458293
340,25.88155631251355,1.5965518211649792,6.168685537635376
341,25.905135293042925,1.5948733313676118,6.15659139906492
342,25.897040978405347,1.593765144882395,6.154236486752989
343,25.920142897974763,1.5696673740462008,6.055782100525552
344,25.892038517652644,1.570675660151912,6.066249511721755
345,25.920895866037473,1.5981734693534737,6.165579606557737
346,25.9145522913641,1.5935727873794368,6.149335591302062
347,25.904105837872656,1.5687218011940354,6.055880913289477
348,25.901582862041835,1.545590603570463,5.967166608321416
349,25.87600377820865,1.5504392858838376,5.991803445281349
350,25.879166941084087,1.5282698239183579,5.905405793770648
351,25.89925160670402,1.5253020235762906,5.8893671783993415
352,25.92009208294967,1.50868227771472,5.820512800983206
353,25.91883388743862,1.497364895909405,5.777130647205129
354,25.890791865531043,1.503521004169835,5.807165002826755
355,25.86133043604438,1.504317711885856,5.816861261666586
356,25.85734352378116,1.5039674657832844,5.8164036239843275
357,25.85280143368347,1.4945183673521607,5.7808758992167135
358,25.837425206153767,1.4896334177925177,5.7654096950718134
359,25.837317033511773,1.4971008484355959,5.7943355592758
360,25.83574030891546,1.48863359096001,5.761915753760338
361,25.835945679738764,1.49584720791613,5.789790807190051
362,25.848122701109283,1.5135800601077842,5.85566726686433
363,25.857779141188395,1.5188772668026664,5.8739664319557665
364,25.853744725025955,1.5162581428883122,5.8647525107672385
365,25.854943946813115,1.5207144842839255,5.8817164230262
366,25.857835199450665,1.5124999688218939,5.849290774558058
367,25.849851754710777,1.5155572408300941,5.862924303052937
368,25.878380177102958,1.5338157097559983,5.927015907715544
369,25.877740105098535,1.5337893903270703,5.9270608024418525
370,25.890662468924024,1.5134048559878366,5.845369379035172
371,25.867248786802975,1.5215448029603038,5.882128460977148
372,25.88201019793768,1.504305229285464,5.812165352617508
373,25.903198363415278,1.485900307390912,5.736358447107994
374,25.89758857309535,1.4831618092835446,5.727026688594401
375,25.88446197881468,1.4801530141212214,5.71830704973765
376,25.868992548721092,1.4499792193171894,5.605085766623228
377,25.88317431710113,1.4673398114924447,5.669087545119869
378,25.891730736414978,1.4572844664245552,5.628377960747841
379,25.89235712236383,1.4517900583359529,5.607021606704197
380,25.89782331577269,1.4570466635626997,5.626135624592461
381,25.898423169582337,1.4459051417119837,5.582985235217707
382,25.918272147473935,1.4470431896238978,5.583100529966966
383,25.936663420977727,1.4472840369533115,5.580070240579749
384,25.92202951904418,1.4520503500122752,5.601607501239418
385,25.937485467802116,1.4416729965015738,5.558260450078
386,25.94246669963558,1.4302581479250955,5.513192575265738
387,25.92762873028977,1.4116088014829373,5.444419218460326
388,25.93727882347947,1.438575150814673,5.546361129882356
389,25.943869781622634,1.4215908890648086,5.479486680401833
390,25.94160422912365,1.4303616824178353,5.5137749762291985
391,25.94755609404864,1.4401450380959095,5.55021456693651
392,25.943698443805204,1.444855523592796,5.569196414776385
393,25.931691712470773,1.4398869195181014,5.552614675060507
394,25.926514145033934,1.4370834511790134,5.542910408780418
395,25.93028406800834,1.4267581427575655,5.502285046378793
396,25.92897302057649,1.4469469499291643,5.580425220778736
397,25.926381023439763,1.4591762578568008,5.628152485059814
398,25.92882685648891,1.454331175040123,5.608935502904036
399,25.934320955181732,1.4422418857580903,5.561132247304617
400,25.92818208567464,1.449314023774006,5.589724798233172
401,25.94520725440541,1.4602549405169076,5.628226154443076
402,25.92789480399341,1.4474073044763527,5.582432802270638
403,25.918776659887662,1.444086352314046,5.571583764402501
404,25.922378436823266,1.4425767653914419,5.564986133148308
405,25.899715284722284,1.444971391958278,5.579101453716124
406,25.91107657051761,1.4307237297506856,5.521668410252801
407,25.925361846259698,1.4174118630180192,5.4672789966189494
408,25.96175090391797,1.4261356097486977,5.49321813858662
409,25.948773133295344,1.426816501760608,5.498589449417297
410,25.95019433801236,1.4255465350572187,5.493394448183572
411,25.93268472860072,1.434403899364111,5.531258773921434
412,25.922352028650874,1.4099324009007659,5.439060465433181
413,25.91886236604197,1.4122124350052576,5.448589583374196
414,25.913404109190118,1.4112740428106882,5.446115982539645
415,25.912399042931828,1.4037496433867602,5.417289387451231
416,25.930352591902693,1.4063553648413591,5.423587511419045
417,25.930943614298407,1.4088896752406355,5.433237201841622
418,25.926003045489427,1.39887848521476,5.395658107269007
419,25.92652877493192,1.376896498049642,5.310763002646727
420,25.921979961325224,1.3762736268278684,5.309292071366559
421,25.911355618204606,1.3800979435807539,5.326228252647403
422,25.916982950510334,1.399289048947121,5.3991201507487485
423,25.90758359471331,1.4117485800027774,5.449171185115304
424,25.907299950353366,1.4126259012234756,5.452617231168499
425,25.90753568439562,1.4157927602577616,5.464791315951013
426,25.90983102879561,1.4236848518577427,5.494767025981339
427,25.93299722564281,1.401909418722643,5.405890443455648
428,25.93252188174957,1.3966638568084175,5.385761798166426
429,25.942835345441523,1.3745043641166148,5.298204093016118
430,25.95556119282451,1.382678574046524,5.32709951356694
431,25.95523197034249,1.3852624228995818,5.33712210502468
432,25.950369585428547,1.3973104217493009,5.384549214797726
433,25.986302854778245,1.4078853844986365,5.417797954431832
434,25.97216080414704,1.4081408686193035,5.42173167353277
435,25.95248583898259,1.4024100533308907,5.403760017563963
436,25.955186355596283,1.4060230336985098,5.417117852422402
437,25.975425152975493,1.4062951073465277,5.41394452281154
438,25.96328638318234,1.4045068920379655,5.4095882597810565
439,25.985717405437622,1.393896596860373,5.364087414298957
440,25.996030890815653,1.3882249801918372,5.340142062541918
441,25.994251741410494,1.4015898091278214,5.3919221182850965
442,25.98549191942532,1.4061418531684478,5.41125739519787
443,25.981996526527364,1.4149654831066312,5.4459459328383995
444,25.977348712214212,1.415093342134342,5.447412504683295
445,25.966530484729468,1.415952322498578,5.45299004551755
446,25.966478737256402,1.4298275365688073,5.506436013279334
447,25.97885819819765,1.4359985547629408,5.527566083957327
448,25.96913525599698,1.4406073664616539,5.547382892270078
449,25.97445362030511,1.440756604411264,5.54682160199503
450,25.97623169993272,1.4419954226106275,5.55121096573204
451,25.964704106499557,1.4411800212722645,5.550535123993592
452,25.97345424576086,1.4351526705337734,5.52545940541584
453,25.968854156216793,1.4259767660270992,5.49110391028065
454,25.96126330927594,1.4230481409690374,5.481428711755269
455,25.949659348262788,1.4293746074334617,5.50825962009845
456,25.94105886364734,1.437566400408417,5.541664308942144
457,25.931905860647298,1.4453036096094338,5.573456950585108
458,25.94254576677644,1.4348809437221144,5.530995132943768
459,25.947006283249486,1.437171270650568,5.538871247656641
460,25.944748661311394,1.4295417115899427,5.5099462717928125
461,25.944372150025846,1.4425847984708655,5.5602995136246856
462,25.94159533077727,1.4517271365988922,5.596136698950638
463,25.94789002561435,1.4524425006336341,5.597536058615408
464,25.93692161251338,1.44520735458274,5.572008028452742
465,25.94917183661483,1.463189088735607,5.6386735497701554
466,25.9337525994301,1.4588269666186748,5.625205843333035
467,25.917731267479745,1.4553338046080202,5.61520524149465
468,25.91624149860663,1.4645293254436003,5.651009717293843
469,25.902607502040457,1.4732766288757033,5.687754133477284
470,25.909195803142104,1.4666474760207477,5.660721726619094
471,25.900172642299612,1.452813079124327,5.6092795178964305
472,25.890154663133462,1.446809819423116,5.588262558675692
473,25.883463816601505,1.462205082540062,5.64918626386555
474,25.887385406214396,1.4591207948368006,5.636416238800738
475,25.892695825019324,1.4438036076349756,5.576103845625345
476,25.87573220243372,1.437415959474487,5.55507356556771
477,25.86978374258997,1.4193282137326555,5.4864324644352775
478,25.86565774225764,1.4262131487387786,5.513925696189522
479,25.87904127050347,1.4248694376604332,5.505881855385722
480,25.875157501608147,1.4248149035671709,5.506497510125758
481,25.86541982013884,1.4186563688923681,5.484760652474703
482,25.87068002222204,1.4111862443108183,5.454770586233748
483,25.861507051976766,1.4064830245400102,5.438519192687587
484,25.852485180189962,1.412133160814448,5.4622723926616015
485,25.84325094365863,1.4151352105109862,5.475840534134617
486,25.84545451472558,1.42002645045061,5.494298618898509
487,25.843312797095383,1.4229315473670252,5.5059951428787155
488,25.850949084560717,1.4254069832968503,5.513944492460293
489,25.846116156813785,1.4164261593803222,5.480228250877497
490,25.862176654240404,1.4039131137270078,5.42844143590992
491,25.882393132528147,1.4099945128801168,5.44769761304677
492,25.888676523403955,1.411609544240436,5.452613782571344
493,25.88468394310514,1.4178634423212477,5.477615432499502
494,25.90701260195409,1.4262689593205566,5.505339350523871
495,25.89403956654835,1.402965070454216,5.418100435231666
496,25.876688813062827,1.3959474981384536,5.394614079965921
497,25.865471497360602,1.3879109452564031,5.365883028260398
498,25.869847451126464,1.398214141963559,5.404802423381418
499,25.86105566840584,1.4021827978794141,5.4219859229971235
500,25.85754766438766,1.403034384879756,5.426014883894372
501,25.87671566976593,1.4163287220921978,5.47337127387855
502,25.883475377968278,1.4240823969910814,5.5018979337034635
503,25.88384851464081,1.4283466430915575,5.5182931637219035
504,25.879165663811648,1.4120077347354987,5.456156326979242
505,25.892663982443406,1.4168658646249712,5.47207450568115
506,25.879869895186864,1.4209936095044602,5.490729340060309
507,25.890334674916733,1.4196614201065707,5.483364498497494
508,25.871911450591732,1.4130724636048728,5.461801561525341
509,25.869955413663593,1.415447596809531,5.471395579065984
510,25.847862613980368,1.4147735384411375,5.473464323026567
511,25.850171654443805,1.4133781293600187,5.467577346307681
512,25.85730451915244,1.4076006521389461,5.443725393326825
513,25.861073221302366,1.4054378504083826,5.434568930614569
514,25.85755260728224,1.4051526658424645,5.43420596366391
515,25.862740826847748,1.412369002035581,5.4610182713868465
516,25.853321687524073,1.422576063314468,5.502488540963594
517,25.865689556625842,1.4221845587406228,5.498343879938477
518,25.87235841531598,1.4100126880989394,5.44988077802848
519,25.86795139597651,1.4101146218033138,5.451203306430529
520,25.86459805221017,1.41294244251876,5.462843225580387
521,25.872100839692354,1.4232465715576041,5.501086210108201
522,25.86203712684366,1.4171084298612668,5.479492674575007
523,25.858217908620844,1.4131821159140756,5.465117978771987
524,25.845169656896793,1.411673037204348,5.462038191061526
525,25.845758362355724,1.4145265874808637,5.472954469546995
526,25.834127861270083,1.411215126265319,5.462600223408274
527,25.83526934758919,1.4238050306053118,5.511090329461473
528,25.850446301812433,1.4248119266996062,5.511749816867608
529,25.847739546284277,1.4105689281507907,5.457223544151527
530,25.868813789463935,1.3961475036011428,5.397029469398312
531,25.875431023808055,1.3837337742304985,5.347674297511493
532,25.87705617667175,1.3806380043757955,5.335375071065638
533,25.867438156962475,1.3797894590426893,5.334078507002463
534,25.859236858334885,1.389012247061631,5.371435571247061
535,25.855258292525754,1.3876559616441242,5.36701643412036
536,25.84078376299201,1.3877681635294448,5.370456934502671
537,25.83129184972308,1.3818864096174663,5.349660472487289
538,25.8167247473012,1.381359014726044,5.350636179635633
539,25.826183774887085,1.3882910634744992,5.375517635805133
540,25.839219447724822,1.4040339041498855,5.433731877970921
541,25.841274767469635,1.401409761464091,5.423144848985004
542,25.847156072853,1.3916949068824283,5.384325079942203
543,25.857806411550417,1.4089760796930826,5.44893892880143
544,25.847333729412412,1.4130276067711969,5.466821535883497
545,25.84320614770789,1.4134881547346898,5.469476761729335
546,25.84655252757342,1.4159027972364482,5.478110845637714
547,25.856201001656768,1.3992472383067118,5.411650529082186
548,25.858981833000787,1.3794685226763599,5.334581738697484
549,25.8540354101319,1.3789610756715172,5.333639618715453
550,25.849603427781368,1.3762529871472473,5.324077760002096
551,25.847474912275043,1.374032946292888,5.315927188076525
552,25.840373136888626,1.3635309561164877,5.2767463878838825
553,25.83863904741542,1.3623721078665303,5.272615579197098
554,25.83516263331988,1.3444898141041652,5.204108188466221
555,25.837650941699984,1.3469081631917779,5.212966791102405
556,25.835976087762475,1.3546129340533202,5.24312659777909
557,25.83564603091686,1.3541241960339114,5.241301860280426
558,25.830692958507694,1.3590194209310058,5.261258082057741
559,25.834959344209505,1.3654280070638976,5.285195106645045
560,25.832595063596198,1.37941716414649,5.339831947779771
561,25.833574828384297,1.3752457882902713,5.323482318750707
562,25.82459518468582,1.382350704988643,5.3528455919742255
563,25.825816582378053,1.3862160711784504,5.367559499064664
564,25.81994984893864,1.3766873344299662,5.331874548495905
565,25.819056413102714,1.3871166350771549,5.372452861496587
566,25.813023977380254,1.3836158853620693,5.36014643838134
567,25.814413103980666,1.3846392300832815,5.363822235686488
568,25.8349220157616,1.3943775164666798,5.397258469044287
569,25.836280241134034,1.3958398608344746,5.402634774847166
570,25.836777346801096,1.3965951572183941,5.405454165092728
571,25.82937548100914,1.3983688557443632,5.413870175732679
572,25.816184653578755,1.394428510348636,5.401373320884324
573,25.821352448588886,1.3744507733906304,5.322923251704977
574,25.81018227868907,1.3720497182275457,5.315924170595334
575,25.817017044871903,1.3712172666815072,5.311292409569353
576,25.815654489323713,1.37881340938405,5.340997300511092
577,25.81469722416719,1.3861625669603248,5.3696642456167485
578,25.833060037420477,1.3952488590211052,5.401020463700458
579,25.832403504443114,1.390198875748744,5.381608705166103
580,25.821101398559374,1.3930201807991012,5.394890633429066
581,25.822775232029425,1.388108904671101,5.3755217717627515
582,25.82633813327802,1.3942307078300713,5.3984839067585915
583,25.81247032117101,1.3950236404601946,5.404456152792228
584,25.811779697224814,1.3972578439014631,5.413256506492232
585,25.810350124306535,1.3964173748216648,5.410300007928248
586,25.81143311762786,1.3998005471290547,5.423180265698088
587,25.797024863425257,1.400353107431809,5.428351194936493
588,25.801211254490035,1.3935053939697906,5.400930135507831
589,25.803429347809384,1.3928622417275716,5.3979733583196
590,25.78702245386529,1.394621985703586,5.40823194379521
591,25.781675964909944,1.3984338258582352,5.424138553915457
592,25.77567945174722,1.3917645665376612,5.399526205092218
593,25.770967589601916,1.3828524902434902,5.365931587300759
594,25.77731616724185,1.3848372922048504,5.372309837145575
595,25.772700836557693,1.3666476308567634,5.302694659452302
596,25.781956830310804,1.3682730184198726,5.3070952970150405
597,25.79988934571083,1.374133529710207,5.326121795707056
598,25.80179463588711,1.3750559001860811,5.329303327891574
599,25.811431866831924,1.3698280791806408,5.307059624773821
600,25.80588449118173,1.3630842451353882,5.282067528439784
601,25.79776795669945,1.360452320885407,5.273527241460863
602,25.78972940871668,1.3703477790796905,5.313540740821135
603,25.787717281487414,1.3781610686666539,5.344253830702625
604,25.787888349000223,1.377239170594719,5.340643452289933
605,25.77260251109009,1.3801705439109204,5.355185000494326
606,25.76558761069548,1.3811526469948456,5.36045468034084
607,25.76608247314443,1.3666839606687307,5.304197726189859
608,25.766768103489767,1.373871669769725,5.3319518546202636
609,25.77849528363863,1.3818981030495474,5.3606623964845035
610,25.772216522290222,1.3735868002358365,5.329719308573363
611,25.765460355581958,1.3696774836699408,5.315944154567403
612,25.76928170707713,1.3685731450888259,5.310870363580871
613,25.772272255622426,1.3773666049133202,5.344373950623763
614,25.768661920660982,1.3771845380558425,5.34441618387501
615,25.759823136253573,1.378228631094312,5.35030315932036
616,25.757138074774918,1.374310238607725,5.33564806236624
617,25.755553472777706,1.3715398732012642,5.32521995557545
618,25.748746736369505,1.3737365697441455,5.3351589644701995
619,25.742000549637936,1.3719202655066063,5.329501344936855
620,25.7582615644048,1.3620780032019533,5.287926748458061
621,25.76127136359832,1.3504595026781694,5.242208288626707
622,25.77602614222143,1.3417165002824227,5.205288405898516
623,25.768829242184687,1.343129131662313,5.21222411402204
624,25.750969488110456,1.3419057335803077,5.211088204659178
625,25.759938458120423,1.3435135631955655,5.215515422833021
626,25.755208223841798,1.3502398283387522,5.242589446777699
627,25.751711337927254,1.3397770355787404,5.202671845756168
628,25.756363494619347,1.346787022621238,5.228948655358858
629,25.756057778748254,1.3457904435931234,5.225141421695199
630,25.761956285161723,1.3582865050351203,5.2724509350148265
631,25.757398346205928,1.3561983491755152,5.265276915575146
632,25.780235694297687,1.36899420721505,5.310247056887292
633,25.778798688185873,1.3757463510927466,5.336735694061785
634,25.773233936302557,1.3732929479821798,5.328368769616628
635,25.77180354586514,1.3612684396481136,5.282006892631762
636,25.786403572680577,1.3582366112249518,5.2672587993772675
637,25.77600565806754,1.3504619461396248,5.239221173576009
638,25.76676309605105,1.3503613338110587,5.240710013816255
639,25.758272230127215,1.3480518495181737,5.233471552263022
640,25.7847059629674,1.3438954056792387,5.211986545859289
641,25.799249988963897,1.3497105759779822,5.2315884242966195
642,25.795402490134343,1.3359435852955734,5.178998799520635
643,25.78753897104956,1.3415161346502964,5.202187522261633
644,25.789083597793457,1.3266600894559812,5.1442699948031185
645,25.78102648259017,1.3207215387825308,5.122843109735794
646,25.782847525390302,1.327334304888435,5.148129211024148
647,25.775230712460598,1.3308264583169322,5.163199015221877
648,25.77071008073409,1.3430094682433984,5.211379368422673
649,25.777587371079683,1.3417181488642493,5.204979541140246
650,25.796132978145796,1.3522689688727114,5.242138308165565
651,25.803793823727943,1.3441792495769864,5.209231087333147
652,25.818264478571997,1.347891109969731,5.220688288666421
653,25.83018904137283,1.3587663974341846,5.260381158100764
654,25.81721813189923,1.3594698486205588,5.265748779264585
655,25.819752465741676,1.3625260441045368,5.277068577293187
656,25.823071219982513,1.3531875230723904,5.240226894565746
657,25.836647654549495,1.3585690881421506,5.2583024946075945
658,25.850365587883196,1.3616908104524177,5.2675882119465305
659,25.857886320375645,1.3674587735405024,5.288362538986663
660,25.857199476918645,1.364001388201259,5.275131939245126
661,25.85489426593481,1.3654572789821549,5.281233274201461
662,25.842238363745253,1.362003767913896,5.270455866643064
663,25.833329165298217,1.3571334201426444,5.253420538478931
664,25.82441007274276,1.3651082975106188,5.2861160958385955
665,25.82607397565622,1.3539728053428206,5.242658278680228
666,25.833637134207084,1.3525807384716138,5.2357348345681505
667,25.840929775722184,1.3549057354878258,5.2432545858344985
668,25.841184611217386,1.3426825131742304,5.195901555501392
669,25.834345736533084,1.3479112414972807,5.217516461394882
670,25.836434872917266,1.3568674566207382,5.251759630517205
671,25.830681710136595,1.3564498215817953,5.251312515881031
672,25.827631464591697,1.366119842292955,5.289373298383293
673,25.825604166524535,1.35716676970274,5.255121084299419
674,25.81645772457109,1.36162177086773,5.274239345283191
675,25.82636088543245,1.3579759609427886,5.258100306763564
676,25.823309673762047,1.3676593720752444,5.296220311623587
677,25.822443204520066,1.3690282473751711,5.301699132541923
678,25.822885286279664,1.362878401703709,5.277792882532147
679,25.822120863984924,1.3607077620731847,5.269542998580781
680,25.823859221212967,1.3672539549041682,5.294537672281917
681,25.82954070277794,1.3709597625808982,5.307720250842296
682,25.831574245006987,1.3748180848447868,5.322238868622291
683,25.82886361616541,1.3834388951258696,5.356174068223512
684,25.822600181682922,1.3825140289252824,5.353891626707518
685,25.823653027283388,1.385613952970881,5.365677549597427
686,25.83140750038824,1.3974856297952312,5.410025101319885
687,25.824426152035546,1.3939176661662143,5.397671405977562
688,25.843654806968818,1.393990818647291,5.393938392457545
689,25.834205094852145,1.388059148254915,5.372950873303652
690,25.8470708744557,1.3872658467117576,5.367207191290573
691,25.84431415966077,1.3916171941020994,5.38461645956236
692,25.832849771917246,1.3952912157212838,5.4012283895913695
693,25.82850903792812,1.3999687455968273,5.4202460681761755
694,25.829313171553764,1.3942467408694617,5.39792417866135
695,25.831218131829576,1.4010044016401246,5.423686929861771
696,25.819486316971126,1.3990726400414049,5.418669538447771
697,25.819169768771,1.3906120064542518,5.385967166675651
698,25.818921854565765,1.3933772379474645,5.396728979607111
699,25.819266816696977,1.390826570627603,5.386777945716777
700,25.814473055336407,1.395290104499339,5.405069092475249
701,25.80937654269885,1.3989240136414007,5.420216219973508
702,25.815918480476324,1.3899235873511333,5.38397883616763
703,25.827008718204002,1.3804151824694497,5.344851188656907
704,25.82669912469718,1.3912060040645402,5.386696911391894
705,25.826559119579645,1.400022880596533,5.42086490931402
706,25.838219328541545,1.4090164251644846,5.453225732192967
707,25.840889662023237,1.4000864190240319,5.418104551878694
708,25.84129767867615,1.4099461432234033,5.456173914930247
709,25.838371967107797,1.4049276451609656,5.437369068567617
710,25.83854802505615,1.41444782636549,5.47417689644895
711,25.838622319131808,1.4171711226058372,5.484700790554591
712,25.831227151605578,1.4166587599056555,5.484287492774423
713,25.83811080661378,1.421539317629907,5.501715385731822
714,25.832807629918495,1.4212112531989414,5.5015748716099795
715,25.82907688602456,1.4266637678066647,5.523479503747172
716,25.834181091437266,1.430245459233173,5.536252355632931
717,25.82920087443468,1.4360259403665503,5.5596994554636225
718,25.83763096453665,1.4400834718672295,5.57358944341225
719,25.83180273760673,1.4374322144370377,5.564583428567221
720,25.825109869489232,1.4389354201829296,5.571846266888269
721,25.826817264120216,1.4402002601872212,5.57637530578734
722,25.82657145576075,1.4372587357264066,5.565038852285671
723,25.8413565153009,1.4266166223607746,5.520672343636689
724,25.847145220473653,1.412968360568627,5.466632189033424
725,25.849412113398056,1.4043823065855068,5.432937122224141
726,25.844272137503935,1.4073516913300184,5.4455071663161245
727,25.843277793532128,1.4044960078801845,5.434666682380715
728,25.836030615022025,1.4104726575713942,5.459324145371205
729,25.840340089821314,1.411864733054026,5.463800894827112
730,25.853567232758802,1.4112227286201438,5.458522284042866
731,25.844894079758944,1.4115047800789788,5.461445404740246
732,25.84722736015625,1.4035560409183607,5.430199616234103
733,25.842543987315434,1.4069011608949746,5.444127952671915
734,25.84484829784871,1.408423207143444,5.449531724512692
735,25.845794359155512,1.4056266326948044,5.438512019255778
736,25.845003034285202,1.4146011856536134,5.473403055039483
737,25.83451966034105,1.4111420722027028,5.46223460221313
738,25.829466280978203,1.4133087387005088,5.4716916072761554
739,25.82377084451548,1.412662117906779,5.4703944145585695
740,25.818342719345793,1.414796505255728,5.4798114682845815
741,25.82134513318955,1.4233783826828696,5.5124098893412246
742,25.81411055023623,1.4246658405594779,5.5189421994105485
743,25.819438646156915,1.4074849483154497,5.451260841121913
744,25.813173128874496,1.4140899209414461,5.478171605952822
745,25.8216301225483,1.4226439825515484,5.5095049220353
746,25.815235396653907,1.4276429844522498,5.53023422996676
747,25.819878144640324,1.4277552440838341,5.529674602202593
748,25.825903800466477,1.4273711008171792,5.526896993983992
749,25.841172181283355,1.417568210086444,5.485696237545998
750,25.844893599280475,1.427699533679717,5.524106834471411
751,25.849026661526334,1.4376063979010427,5.561549441398405
752,25.848081229746118,1.4360512946005848,5.555736543213772
753,25.83907526027997,1.4354684354453022,5.55541721592458
754,25.84059121908358,1.432782043190123,5.5446952859654255
755,25.851219717182175,1.429578760153056,5.530024408105113
756,25.846898444133096,1.4279837644943418,5.5247780215520415
757,25.83990189183499,1.4304721030917846,5.535903770376898
758,25.842849205345054,1.4368115023144774,5.559802988043992
759,25.832114782736802,1.4343267396648653,5.552494450138489
760,25.83932578948751,1.4300994363025952,5.534584949907702
761,25.83451129149829,1.4281841197989282,5.528202580201004
762,25.82616855541632,1.4281994938232268,5.530047907643279
763,25.839963391063907,1.4303220639982468,5.535309947431609
764,25.825726118208145,1.4300465150714494,5.53729451216944
765,25.816862293873704,1.4269354333144906,5.527145077010771
766,25.820362061919162,1.421095827044509,5.5037796280184414
767,25.817327402445972,1.4184254128255323,5.494083065666776
768,25.816826763315767,1.4218688744673846,5.507527658231719
769,25.816733194156335,1.430053517788222,5.539250481590433
770,25.810120275706744,1.4354597834834677,5.561616017863215
771,25.802026092684763,1.4337977159328776,5.556919099230659
772,25.793754639942403,1.4316070823851081,5.55020818942048
773,25.799236053281458,1.4288282953799478,5.538258157834919
774,25.807337572767143,1.430720632078938,5.543852123625055
775,25.800791091684612,1.4328574887452772,5.55354091141444
776,25.79794928053311,1.4314149699323253,5.548561067264589
777,25.801763093474268,1.4280311583346041,5.534626270155077
778,25.798399991190546,1.4328749575389403,5.554123348844224
779,25.80406046047047,1.4206433398248854,5.5055030660821185
780,25.804924490655093,1.4215478515909559,5.5088239150079685
781,25.803055524079618,1.4189815971345499,5.4992773852319345
782,25.804637161339123,1.4204881332464108,5.504778557299796
783,25.795960135231276,1.416897469293694,5.492710726275863
784,25.794454229345753,1.4119699994464603,5.473928569653917
785,25.797023405637344,1.4167972701462581,5.492095920790032
786,25.7952745541157,1.4156800063628887,5.488136997312996
787,25.80287861340373,1.4097175847383985,5.463412070644309
788,25.799780873598365,1.4026061813204977,5.436504240839595
789,25.79204658287361,1.4046284579455308,5.445975190189947
790,25.795064910141082,1.4108838683260538,5.469588362118749
791,25.80015560555288,1.4150718425426088,5.484741503799487
792,25.808291747883295,1.4195194341034651,5.5002456108699604
793,25.80216262486497,1.4220190125020675,5.511239632028749
794,25.79494223168602,1.4229574107365404,5.516420226708655
795,25.79114203053495,1.4202333721789295,5.50667112955863
796,25.80037080570363,1.4099569394778184,5.464870834980877
797,25.798479866521355,1.4043372390212698,5.443488322905708
798,25.80508381907193,1.4060033162570322,5.448551634689474
799,25.805310742176225,1.4036751450362697,5.439481659649623
800,25.80909019338489,1.411018447056472,5.467137494905299
801,25.802186536476302,1.414522708890489,5.482181546477823
802,25.81327908182727,1.4248268346058806,5.519743656314353
803,25.81170130176299,1.4203278763003493,5.502651141415998
804,25.811562481423913,1.4254074562975547,5.522360210945747
805,25.81711359185598,1.4099202357405625,5.461184615871708
806,25.81217942105751,1.4074931485392816,5.452825681937776
807,25.812065973409183,1.397679656154136,5.414830636160561
808,25.819177723683673,1.4003208017989381,5.423568545773005
809,25.824078670412963,1.4040285156079477,5.436896833870648
810,25.820165324494933,1.4003843089464056,5.4236070580768
811,25.818322923318732,1.3955444092967426,5.405248100124688
812,25.81880432353982,1.3986113368103443,5.417025975657541
813,25.817574930489553,1.401939412907369,5.430174664668962
814,25.811400884989922,1.401700412563029,5.430547604946768
815,25.81670959756004,1.4103052174636104,5.462761286964701
816,25.811734090551,1.4076711696942759,5.453609450476973
817,25.811100319229144,1.411825820816201,5.469839733118226
818,25.805807827138256,1.408928378853482,5.459733670386422
819,25.80368210999248,1.4051900815285092,5.445695988419998
820,25.8037436346105,1.4018402564770387,5.432701069765527
821,25.80489171007981,1.4019367215543417,5.432833190331592
822,25.800685583062812,1.408741931386494,5.460094953101868
823,25.794327740856822,1.412850207337717,5.4773678210649335
824,25.804234121065072,1.4081370666727355,5.45700004141264
825,25.802108526400808,1.4095283860434382,5.462841862715226
826,25.80939454210452,1.420062549159803,5.502114925025319
827,25.802938891038025,1.4190424084296838,5.499537918614964
828,25.800679025901264,1.41978061711029,5.502880818310922
829,25.802170766057593,1.4225696017127196,5.5133717802693205
830,25.80666390345923,1.4239393710454606,5.517719672609794
831,25.80919811492108,1.431791232376764,5.547600611229382
832,25.811764966601125,1.4436781828744043,5.593101381259427
833,25.819892969995855,1.4361953729693862,5.562359900710374
834,25.815485611504972,1.4391228746469107,5.574649635897412
835,25.818764932783637,1.4364553194349075,5.563609735688611
836,25.821011572908617,1.4306263220910629,5.540551027799681
837,25.81335141053849,1.4282569712169924,5.533016416589347
838,25.802454193954297,1.4312305271518142,5.546877503951396
839,25.807323722979316,1.4345058708642557,5.558522403417389
840,25.80360010222271,1.4360988670116592,5.565498075161823
841,25.800268691919634,1.4300510308518306,5.542775728144673
842,25.794106305755868,1.4358068313705945,5.5664143364804195
843,25.792538659494163,1.438319631007455,5.576495008869604
844,25.78393915586624,1.4395405161616706,5.583089951692479
845,25.789559197212917,1.452953602157243,5.633883041763133
846,25.791676778976147,1.4489011148771118,5.6177080974361875
847,25.782999172673943,1.4477398194389832,5.61509469764622
848,25.77256198048618,1.450100633489138,5.626528843298888
849,25.7715579496072,1.4463386438648291,5.612150599094354
850,25.768596242391236,1.4530849309568625,5.6389758964302095
851,25.768010520078157,1.4605333772065467,5.6680098607865546
852,25.76676999814877,1.4595131413974314,5.664323240756568
853,25.758069969032647,1.4617349749571675,5.674862195477076
854,25.763826764967764,1.468124809047422,5.698395748583814
855,25.761203762540692,1.4684593285154774,5.70027449823894
856,25.753665804875965,1.4718361618932703,5.715054986908334
857,25.75778373573953,1.4748340696750197,5.725780155645351
858,25.752756438839196,1.4790944459798923,5.743441287508881
859,25.751668827023156,1.4786954373471202,5.7421344118693165
860,25.757715033058254,1.4833262583874938,5.758764923378283
861,25.75857722324754,1.4820842219151062,5.753750329725126
862,25.758472705734743,1.4911491353369115,5.788965643933265
863,25.76665652682184,1.4877696708610186,5.774011344127332
864,25.772410003370204,1.4732655815210096,5.7164447613876765
865,25.781589228364147,1.474859823468341,5.7205931349094
866,25.779697865720845,1.4816358086068435,5.747297025451056
867,25.773044923369532,1.4843892720604426,5.759464108621805
868,25.783581641167974,1.4869542113415286,5.767058401875973
869,25.783475923783566,1.4917218094066669,5.785572953065849
870,25.780766836175786,1.4906131207088051,5.781880462210164
871,25.771665257847424,1.4941150714925566,5.797510779935346
872,25.771318934878348,1.498531917952853,5.8147273010725575
873,25.764872252473218,1.4975033944000589,5.812190255499174
874,25.76769332333014,1.5035718236147586,5.835104464913127
875,25.764870519699862,1.5086601804540474,5.8554929639585165
876,25.7620331666511,1.506247672525085,5.846773283697653
877,25.758024620503875,1.5039982396658733,5.838950237157015
878,25.76127041474182,1.501751237879052,5.829492155090608
879,25.761406060829888,1.498632298599667,5.817354437335356
880,25.75783823257285,1.4972767494341825,5.812897557298718
881,25.7631237998041,1.5031795969751076,5.834616984554248
882,25.759423357515793,1.505317916326283,5.8437562651691835
883,25.75861697835932,1.5011100354104001,5.827603386748337
884,25.763433460717852,1.5050850856671807,5.841942953613001
885,25.76141166796064,1.511869301244623,5.868736235153326
886,25.779376452924726,1.5118816240067994,5.864694310072318
887,25.78165849059267,1.5168296298822068,5.883367163658903
888,25.773764709344725,1.510125637240294,5.8591581566381405
889,25.781893097010645,1.5039614805542554,5.833402050405043
890,25.787586562622856,1.5017057312453765,5.823366710175138
891,25.793685667412728,1.5007057671523722,5.818112954087583
892,25.791759029918204,1.5033755525850596,5.828898877510285
893,25.787716416460302,1.4990455809287289,5.813021815192166
894,25.788818791965678,1.4947560139364025,5.796139893006976
895,25.789398712392504,1.506768777280893,5.842589794685092
896,25.79732545480844,1.5129142718180144,5.864616758308245
897,25.79050820981002,1.5129060784373993,5.866135192566428
898,25.790656636738145,1.5110276479779414,5.858818056712524
899,25.795218909266396,1.5189572877276987,5.88852257106469
900,25.801644780144983,1.5244394493706053,5.9083033750766925
901,25.80665659653219,1.5189302984583475,5.885808154871391
902,25.803966936108758,1.5188118721829085,5.885962712413651
903,25.800836199072016,1.521385743668438,5.896652852372117
904,25.796734232675284,1.5234606495232466,5.905633774346382
905,25.79817627268123,1.5241131051718397,5.90783274392069
906,25.7986494636067,1.5155403417935365,5.874494879786087
907,25.806293793361544,1.520967987438691,5.8937869948219666
908,25.808515103686016,1.5231904039797688,5.901890898644627
909,25.80428340163304,1.5263213183067967,5.914992075347469
910,25.79917781337965,1.5319908507652038,5.93813826877344
911,25.791537935265115,1.5264881730310602,5.918562037139602
912,25.787136775456958,1.5303922023869168,5.934711618869899
913,25.78681598242283,1.5379958505311826,5.964272020165393
914,25.797875463540027,1.533260139184126,5.943358170524828
915,25.789693493312075,1.5319586489937358,5.940197193080297
916,25.780433284470075,1.532454218552717,5.944253153711947
917,25.781354553598117,1.5230676526526175,5.90763239179787
918,25.771642016801287,1.5245792469445063,5.915724135662712
919,25.769947151376016,1.5288116868524062,5.932537144418527
920,25.770565836298594,1.5212320908055017,5.902982885470066
921,25.76669843975541,1.5280469514615802,5.930317207826511
922,25.76165853708475,1.516908899653356,5.8882423950683
923,25.75780089306088,1.5198119440113278,5.900394798147396
924,25.751156525053933,1.5187738122886538,5.897885832082926
925,25.747915982485335,1.5188891600765486,5.899076108178044
926,25.741919668900398,1.5215823261729648,5.910912417348715
927,25.736098636129167,1.5202864659035769,5.907214171806715
928,25.739901751452198,1.5173693106613748,5.89500816791489
929,25.744790997355057,1.5162020592119392,5.889354702346231
930,25.750191388235958,1.5201452030309521,5.903432639049955
931,25.750397178354103,1.5259598515295525,5.925966271356316
932,25.75466551000981,1.5288386444162088,5.9361619114098385
933,25.755916598134093,1.5395598058655755,5.977499577619808
934,25.754893018286957,1.5375120703633949,5.969786282054065
935,25.761469412315193,1.5255959778207824,5.922006828894146
936,25.74886562797056,1.5252315502898006,5.923490270705235
937,25.75495640506182,1.5191947113763786,5.898649904442469
938,25.755577020190277,1.5178720020323724,5.8933721455453485
939,25.74862461329574,1.516702887722985,5.890422927443704
940,25.752160851337635,1.5140168586990215,5.879183760303281
941,25.755273442993268,1.5167749990259503,5.889182277109892
942,25.75808494004239,1.5120172097624907,5.870068420389339
943,25.766583624888902,1.5223467763445968,5.908221278020363
944,25.77139616450044,1.5213276594123073,5.9031635294478315
945,25.773666699989224,1.5258264788551306,5.9200985898361465
946,25.77139939037381,1.5241289414324608,5.914032522431657
947,25.769503050049327,1.5251921966100592,5.918593748772892
948,25.762951442765846,1.5211511713759034,5.904413454938362
949,25.751890028693616,1.521002385945467,5.906371859505129
950,25.748207978704706,1.5222462378897892,5.91204731276358
951,25.747783931149286,1.5225882670989437,5.913473063042677
952,25.743070277775473,1.5191896247126913,5.901353678175051
953,25.740015985774846,1.521783921329479,5.912132774783392
954,25.744267630169087,1.5202064978472585,5.905029110502896
955,25.750846730855976,1.524842906312195,5.921525308467044
956,25.752431470789155,1.5334704099568215,5.954662617765739
957,25.747185778957355,1.532921316421872,5.953743176369578
958,25.750483267810903,1.533860201619184,5.956626854986323
959,25.749872515811518,1.535423758250903,5.962840232735473
960,25.75003969805972,1.5275321846916645,5.932154678607214
961,25.739989131154307,1.5288611006990958,5.939633823887843
962,25.740823631604087,1.5243018554195846,5.921729146024979
963,25.737856884226733,1.5250585972901325,5.925351920908201
964,25.739516622891603,1.5287848102706465,5.9394464654049175
965,25.738151026425534,1.5303374186298693,5.945793919146179
966,25.75056580973836,1.529903404609459,5.941241897026121
967,25.741140026766892,1.530811122896526,5.946943769019997
968,25.746595987988194,1.5260761998509462,5.92729307036519
969,25.743875741346272,1.5247747981117592,5.9228641927558545
970,25.752396149648536,1.524638736405955,5.9203762148819035
971,25.74821640885881,1.5307439677705816,5.945048555844517
972,25.7518358539728,1.5293554817367199,5.938821179231703
973,25.745465370491114,1.5321220018565829,5.95103634682272
974,25.742625355155447,1.5348838425091962,5.962421553098533
975,25.742028959204355,1.5334258070131521,5.956895664453281
976,25.744601812049886,1.5363158726872579,5.967526256196271
977,25.74684010225896,1.5364379947271258,5.967481790483185
978,25.740363531010853,1.5338823773385026,5.959054834212224
979,25.746421527582164,1.5271282053933115,5.9314192605651925
980,25.7472749808767,1.5355966213508567,5.9641131828179565
981,25.74907618250404,1.53612913812796,5.965764081166251
982,25.747031984327954,1.5337318952598429,5.956926981694104
983,25.744476604357356,1.5251996964495718,5.9243764007671675
984,25.73889123336155,1.5276974672170962,5.935366264872226
985,25.736131371854356,1.519265530857228,5.903239725138849
986,25.732836731423845,1.5201391902064423,5.907390646714488
987,25.73553245174122,1.5136455199020913,5.881539551359392
988,25.732277313398935,1.5135738481608105,5.882005038756071
989,25.740089335531753,1.514641303695588,5.884366926437854
990,25.749115830680175,1.5096068209325397,5.8627520683014565
991,25.75535652376188,1.5121162491305602,5.871074810148648
992,25.752872111591007,1.51501660051893,5.882903444532862
993,25.753171916805645,1.514874003552688,5.8822812523692765
994,25.749870835623756,1.5090116540865435,5.860268828995039
995,25.75165978024676,1.5055856032238624,5.846557527055972
996,25.74927095607989,1.506798323517018,5.851809653512673
997,25.748873401579544,1.501398988711002,5.8309307956708505
998,25.748051418982747,1.5005547228605602,5.827837992253956
999,25.74791446516831,1.499612442461842,5.824209352918709
1000,25.753856462311887,1.5045272257280906,5.841949254977836
